x,y,z
234,0,233
234,2,233
234,4,233
234,6,233
235,8,233
235,10,233
235,12,233
235,14,233
235,16,234
236,18,234
236,20,234
236,22,234
236,24,234
236,26,234
236,28,234
237,30,234
237,32,234
237,34,234
237,36,234
237,38,235
238,40,235
238,42,235
238,44,235
238,46,235
238,48,235
239,50,235
239,52,235
239,54,235
239,56,235
244,57,248
244,57,247
244,57,246
244,57,245
244,57,244
244,57,243
244,57,242
245,57,250
245,57,249
245,57,248
245,57,241
245,57,240
245,57,239
246,57,252
246,57,251
246,57,239
246,57,238
246,57,237
247,57,254
247,57,253
247,57,237
247,57,236
248,57,255
248,57,254
248,57,235
249,57,256
249,57,255
249,57,234
250,57,256
250,57,234
250,57,233
251,57,257
251,57,247
251,57,246
251,57,245
251,57,244
251,57,243
251,57,233
252,57,257
252,57,249
252,57,248
252,57,247
252,57,243
252,57,242
252,57,241
252,57,232
253,57,258
253,57,250
253,57,249
253,57,241
253,57,240
253,57,232
254,57,258
254,57,251
254,57,250
254,57,240
254,57,239
254,57,231
255,57,259
255,57,258
255,57,251
255,57,239
255,57,238
255,57,231
256,57,259
256,57,252
256,57,251
256,57,238
256,57,231
257,57,259
257,57,252
257,57,238
257,57,231
258,57,259
258,57,252
258,57,245
258,57,238
258,57,231
259,57,259
259,57,252
259,57,238
259,57,231
260,57,259
260,57,252
260,57,251
260,57,238
260,57,231
261,57,259
261,57,251
261,57,238
261,57,231
262,57,258
262,57,251
262,57,250
262,57,239
262,57,231
263,57,258
263,57,250
263,57,249
263,57,240
263,57,239
263,57,232
263,57,231
264,57,258
264,57,257
264,57,249
264,57,248
264,57,241
264,57,240
264,57,232
265,57,257
265,57,248
265,57,247
265,57,246
265,57,245
265,57,244
265,57,243
265,57,242
265,57,233
265,57,232
266,57,257
266,57,256
266,57,233
267,57,256
267,57,234
267,57,233
268,57,255
268,57,235
268,57,234
269,57,254
269,57,253
269,57,236
269,57,235
270,57,253
270,57,252
270,57,238
270,57,237
270,57,236
271,57,251
271,57,250
271,57,240
271,57,239
271,57,238
272,57,249
272,57,248
272,57,247
272,57,246
272,57,245
272,57,244
272,57,243
272,57,242
272,57,241
272,57,240
237,58,248
237,58,247
237,58,246
237,58,245
237,58,244
237,58,243
237,58,242
237,58,241
238,58,252
238,58,251
238,58,250
238,58,249
238,58,240
238,58,239
238,58,238
239,58,254
239,58,253
239,58,237
239,58,236
239,58,235
240,58,256
240,58,255
240,58,235
240,58,234
241,58,257
241,58,233
241,58,232
242,58,258
242,58,232
242,58,231
243,58,259
243,58,231
243,58,230
244,58,260
244,58,230
244,58,229
245,58,261
245,58,229
245,58,228
246,58,262
246,58,228
246,58,227
247,58,263
247,58,227
248,58,263
248,58,226
249,58,264
249,58,226
250,58,264
250,58,225
251,58,265
251,58,225
252,58,265
252,58,225
252,58,224
253,58,265
253,58,224
254,58,265
254,58,224
255,58,266
256,58,266
257,58,266
258,58,266
259,58,266
260,58,266
261,58,266
262,58,266
263,58,265
264,58,265
265,58,265
265,58,225
266,58,264
267,58,264
267,58,225
268,58,264
268,58,263
268,58,226
269,58,263
269,58,227
269,58,226
270,58,262
270,58,227
271,58,262
271,58,261
271,58,228
272,58,261
272,58,260
272,58,229
273,58,260
273,58,259
273,58,230
274,58,259
274,58,258
274,58,231
275,58,258
275,58,257
275,58,232
276,58,257
276,58,256
276,58,234
276,58,233
277,58,255
277,58,254
277,58,235
277,58,234
278,58,253
278,58,252
278,58,251
278,58,238
278,58,237
278,58,236
279,58,251
279,58,250
279,58,249
279,58,248
279,58,247
279,58,246
279,58,245
279,58,244
279,58,243
279,58,242
279,58,241
279,58,240
279,58,239
230,59,249
230,59,248
230,59,247
230,59,246
230,59,245
230,59,244
230,59,243
230,59,242
230,59,241
231,59,252
231,59,251
231,59,250
231,59,240
231,59,239
231,59,238
231,59,237
232,59,255
232,59,254
232,59,253
232,59,236
232,59,235
232,59,234
233,59,258
233,59,257
233,59,256
233,59,233
233,59,232
234,59,260
234,59,259
234,59,231
234,59,230
235,59,260
235,59,229
236,59,262
236,59,261
236,59,228
236,59,227
237,59,264
237,59,263
237,59,227
237,59,226
238,59,264
238,59,225
239,59,266
239,59,265
239,59,225
239,59,224
240,59,266
240,59,223
241,59,267
241,59,223
242,59,267
242,59,222
243,59,269
243,59,268
243,59,221
244,59,269
244,59,220
245,59,270
245,59,220
246,59,270
246,59,220
247,59,270
247,59,219
248,59,271
248,59,219
249,59,271
249,59,218
250,59,271
251,59,272
252,59,272
253,59,272
254,59,273
255,59,273
256,59,273
257,59,273
258,59,273
259,59,273
260,59,273
261,59,273
262,59,273
263,59,272
264,59,272
265,59,272
266,59,272
267,59,271
268,59,271
269,59,271
270,59,270
271,59,270
271,59,220
272,59,269
272,59,220
273,59,269
273,59,221
274,59,268
274,59,221
275,59,267
275,59,222
276,59,267
276,59,266
276,59,223
277,59,224
278,59,225
279,59,226
280,59,227
281,59,228
282,59,230
282,59,229
283,59,232
283,59,231
284,59,255
284,59,234
284,59,233
285,59,254
285,59,253
285,59,252
285,59,238
285,59,237
285,59,236
285,59,235
286,59,251
286,59,250
286,59,249
286,59,248
286,59,247
286,59,246
286,59,245
286,59,244
286,59,243
286,59,242
286,59,241
286,59,240
286,59,239
223,60,248
223,60,247
223,60,246
223,60,245
223,60,244
223,60,242
223,60,241
224,60,253
224,60,252
224,60,251
224,60,250
224,60,240
224,60,239
224,60,237
224,60,236
225,60,257
225,60,256
225,60,254
225,60,235
225,60,234
225,60,233
226,60,259
226,60,258
226,60,232
226,60,230
227,60,261
227,60,260
227,60,229
227,60,228
228,60,262
228,60,227
229,60,264
229,60,263
229,60,226
229,60,225
230,60,265
230,60,224
231,60,267
231,60,266
231,60,223
231,60,222
232,60,268
232,60,221
233,60,269
233,60,220
234,60,270
234,60,220
235,60,271
235,60,219
236,60,272
236,60,218
237,60,272
237,60,217
238,60,273
238,60,216
239,60,274
239,60,216
240,60,274
240,60,215
241,60,275
241,60,214
242,60,276
242,60,214
243,60,276
243,60,213
244,60,277
244,60,213
245,60,277
245,60,212
246,60,278
246,60,212
247,60,278
249,60,278
250,60,279
251,60,279
252,60,279
253,60,279
255,60,280
256,60,280
257,60,280
258,60,280
259,60,280
261,60,280
262,60,280
263,60,279
264,60,279
266,60,279
267,60,279
268,60,278
269,60,278
270,60,278
271,60,277
273,60,277
274,60,276
277,60,215
278,60,216
279,60,216
280,60,217
281,60,218
282,60,219
283,60,270
283,60,269
283,60,220
284,60,268
284,60,221
285,60,222
286,60,223
287,60,225
287,60,224
288,60,226
289,60,228
289,60,227
290,60,230
290,60,229
291,60,233
291,60,232
292,60,236
292,60,235
292,60,234
293,60,252
293,60,250
293,60,248
293,60,247
293,60,246
293,60,245
293,60,244
293,60,242
293,60,241
293,60,240
293,60,239
293,60,237
216,61,248
216,61,246
216,61,245
216,61,243
216,61,242
217,61,253
217,61,252
217,61,251
217,61,249
217,61,240
217,61,239
217,61,237
217,61,236
218,61,258
218,61,256
218,61,255
218,61,235
218,61,233
218,61,232
219,61,260
219,61,259
219,61,230
219,61,229
220,61,262
220,61,228
221,61,264
221,61,263
221,61,226
221,61,225
222,61,266
222,61,224
223,61,268
223,61,267
223,61,223
223,61,221
224,61,269
224,61,220
225,61,271
225,61,219
226,61,272
226,61,218
227,61,273
227,61,217
228,61,274
228,61,216
229,61,275
229,61,215
230,61,276
230,61,214
231,61,277
231,61,213
232,61,278
232,61,212
234,61,279
234,61,211
235,61,280
235,61,210
236,61,280
236,61,209
237,61,281
237,61,208
239,61,282
239,61,208
240,61,282
240,61,207
241,61,283
241,61,206
243,61,284
243,61,206
244,61,284
244,61,205
245,61,285
245,61,205
247,61,285
248,61,285
250,61,286
251,61,286
252,61,286
254,61,286
255,61,287
257,61,287
258,61,287
260,61,287
261,61,287
263,61,286
264,61,286
266,61,286
267,61,286
268,61,285
270,61,285
271,61,285
273,61,284
274,61,284
275,61,283
275,61,206
277,61,282
277,61,207
278,61,282
279,61,281
280,61,280
283,61,211
284,61,212
285,61,213
286,61,214
287,61,215
288,61,216
289,61,217
290,61,218
291,61,219
292,61,220
293,61,221
294,61,223
295,61,225
295,61,224
296,61,226
297,61,229
297,61,228
298,61,232
298,61,230
299,61,255
299,61,253
299,61,236
299,61,235
299,61,233
300,61,252
300,61,251
300,61,249
300,61,248
300,61,246
300,61,245
300,61,243
300,61,242
300,61,240
300,61,239
300,61,237
209,63,246
209,63,245
209,63,243
210,63,253
210,63,252
210,63,250
210,63,248
210,63,241
210,63,240
210,63,238
210,63,236
211,63,258
211,63,257
211,63,255
211,63,235
211,63,233
211,63,231
212,63,261
212,63,260
212,63,230
212,63,228
213,63,263
213,63,226
214,63,266
214,63,265
214,63,225
214,63,223
215,63,268
215,63,222
216,63,269
216,63,220
217,63,271
217,63,219
218,63,272
218,63,217
219,63,273
219,63,216
220,63,275
220,63,215
221,63,276
221,63,213
222,63,277
222,63,212
223,63,279
223,63,211
224,63,280
224,63,210
226,63,281
226,63,208
227,63,282
227,63,207
228,63,283
228,63,206
230,63,284
230,63,205
231,63,285
231,63,204
232,63,286
232,63,203
234,63,287
234,63,202
235,63,288
235,63,202
237,63,289
237,63,201
238,63,289
238,63,200
240,63,290
240,63,199
242,63,291
242,63,199
243,63,291
243,63,198
245,63,292
246,63,292
248,63,292
250,63,293
251,63,293
253,63,293
255,63,293
257,63,294
258,63,294
260,63,294
262,63,293
263,63,293
265,63,293
267,63,293
268,63,292
270,63,292
272,63,292
273,63,291
291,63,208
292,63,210
293,63,211
295,63,212
296,63,213
297,63,215
298,63,216
299,63,217
300,63,219
301,63,222
301,63,220
302,63,223
303,63,265
303,63,225
304,63,263
304,63,261
304,63,228
304,63,226
305,63,260
305,63,258
305,63,230
306,63,257
306,63,255
306,63,253
306,63,235
306,63,233
307,63,252
307,63,250
307,63,248
307,63,246
307,63,245
307,63,243
307,63,241
307,63,240
307,63,238
203,64,252
203,64,251
203,64,249
203,64,247
203,64,245
203,64,243
203,64,241
203,64,239
203,64,237
204,64,258
204,64,256
204,64,254
204,64,235
204,64,233
204,64,231
205,64,262
205,64,260
205,64,229
205,64,228
206,64,264
206,64,226
207,64,267
207,64,266
207,64,224
207,64,222
208,64,269
208,64,220
209,64,271
209,64,219
210,64,273
210,64,217
211,64,274
211,64,215
212,64,276
212,64,214
213,64,277
213,64,212
214,64,279
214,64,211
216,64,280
216,64,209
217,64,282
217,64,208
218,64,283
218,64,206
220,64,285
220,64,205
221,64,286
221,64,203
223,64,287
223,64,202
224,64,289
224,64,201
226,64,290
226,64,200
227,64,291
227,64,199
229,64,292
229,64,198
230,64,293
230,64,197
232,64,294
232,64,196
234,64,295
234,64,195
236,64,296
236,64,194
237,64,296
237,64,193
239,64,297
239,64,192
241,64,298
241,64,192
243,64,298
243,64,191
245,64,299
245,64,191
247,64,299
249,64,299
251,64,300
252,64,300
254,64,300
256,64,300
258,64,300
260,64,300
262,64,300
264,64,300
266,64,300
268,64,299
270,64,299
272,64,299
307,64,271
308,64,269
309,64,267
310,64,266
311,64,264
313,64,254
313,64,237
314,64,247
314,64,245
314,64,243
314,64,241
314,64,239
196,66,251
196,66,249
196,66,247
196,66,245
196,66,243
196,66,240
196,66,238
197,66,258
197,66,256
197,66,253
197,66,236
197,66,234
197,66,232
198,66,262
198,66,260
198,66,230
198,66,228
199,66,264
199,66,225
200,66,268
200,66,223
200,66,221
201,66,270
201,66,219
202,66,272
202,66,217
203,66,274
203,66,215
204,66,276
204,66,214
205,66,278
205,66,212
207,66,280
207,66,210
208,66,281
208,66,208
209,66,283
209,66,206
211,66,285
211,66,205
212,66,286
212,66,203
213,66,288
213,66,201
215,66,290
215,66,200
217,66,291
217,66,198
218,66,292
218,66,197
220,66,294
220,66,196
222,66,295
222,66,194
223,66,296
223,66,193
225,66,298
225,66,192
227,66,299
227,66,191
229,66,300
229,66,190
231,66,301
231,66,189
233,66,302
233,66,188
235,66,303
235,66,187
237,66,303
237,66,186
239,66,304
239,66,185
241,66,305
241,66,185
243,66,305
243,66,184
245,66,306
245,66,184
247,66,306
250,66,306
252,66,307
254,66,307
256,66,307
260,66,307
265,66,307
313,66,274
314,66,272
315,66,270
316,66,268
317,66,266
189,69,250
189,69,247
189,69,245
189,69,242
189,69,240
190,69,257
190,69,254
190,69,252
190,69,238
190,69,235
190,69,233
191,69,259
191,69,230
191,69,228
192,69,226
193,69,223
193,69,221
194,69,271
194,69,219
195,69,273
195,69,217
196,69,275
196,69,214
197,69,277
197,69,212
199,69,279
199,69,210
200,69,281
200,69,208
201,69,283
201,69,206
202,69,285
202,69,204
204,69,287
204,69,202
205,69,289
205,69,200
207,69,291
207,69,199
209,69,293
209,69,197
210,69,294
210,69,195
212,69,296
212,69,193
214,69,192
216,69,190
218,69,189
220,69,302
220,69,188
222,69,186
224,69,185
226,69,184
228,69,183
230,69,182
232,69,181
320,69,275
321,69,273
323,69,268
183,71,250
183,71,247
183,71,245
183,71,242
183,71,239
183,71,237
183,71,234
184,71,232
184,71,229
185,71,226
186,71,224
186,71,221
187,71,219
188,71,216
189,71,214
190,71,212
192,71,209
193,71,207
194,71,285
194,71,205
196,71,287
196,71,202
197,71,289
197,71,200
199,71,291
199,71,198
200,71,293
200,71,196
202,71,194
204,71,192
206,71,190
208,71,189
210,71,187
212,71,185
214,71,184
327,71,275
331,74,283
375,99,287
376,99,283
378,104,293
380,104,289
382,104,285
382,108,300
383,108,295
385,108,291
387,108,286
229,113,108
234,113,107
388,113,297
390,113,293
392,113,288
238,118,101
391,118,304
393,118,299
395,118,294
396,118,290
174,123,120
179,123,118
243,123,96
248,123,95
395,123,306
397,123,301
399,123,296
401,123,291
247,129,91
395,129,317
397,129,312
399,129,308
402,129,303
403,129,298
405,129,292
160,134,119
165,134,116
169,134,113
174,134,110
247,134,86
393,134,329
396,134,324
399,134,319
401,134,314
403,134,309
406,134,304
408,134,299
409,134,294
153,140,120
158,140,116
162,140,113
167,140,109
172,140,106
177,140,103
241,140,82
397,140,331
400,140,326
402,140,321
405,140,316
407,140,311
410,140,306
412,140,301
111,145,166
113,145,161
116,145,156
120,145,151
142,145,124
151,145,117
155,145,113
160,145,109
165,145,106
170,145,103
175,145,100
185,145,395
190,145,397
196,145,400
201,145,402
394,145,343
397,145,338
400,145,333
403,145,328
406,145,323
409,145,318
411,145,313
413,145,307
415,145,302
107,151,164
110,151,159
113,151,154
116,151,149
120,151,144
123,151,139
135,151,126
139,151,122
144,151,118
148,151,114
153,151,110
158,151,106
163,151,103
168,151,100
173,151,393
173,151,97
178,151,396
178,151,94
183,151,398
189,151,401
194,151,403
200,151,405
393,151,350
397,151,345
400,151,340
403,151,335
406,151,330
409,151,325
412,151,320
415,151,314
417,151,309
419,151,303
57,152,119
58,153,120
60,154,121
61,155,122
63,156,123
64,157,124
66,157,125
101,157,168
104,157,163
107,157,157
110,157,152
113,157,147
117,157,142
121,157,137
124,157,132
128,157,128
133,157,123
137,157,119
141,157,115
146,157,111
151,157,107
156,157,103
161,157,100
166,157,97
171,157,396
171,157,93
176,157,399
176,157,91
182,157,402
187,157,404
193,157,407
199,157,409
204,157,411
392,157,357
396,157,352
400,157,347
403,157,342
406,157,337
410,157,332
412,157,327
415,157,321
418,157,316
420,157,310
422,157,304
68,158,126
69,159,127
71,160,128
72,161,129
74,161,130
75,162,130
77,163,131
79,164,132
98,164,167
101,164,161
104,164,156
107,164,150
111,164,145
114,164,140
118,164,135
122,164,130
126,164,126
130,164,121
135,164,117
139,164,112
144,164,108
149,164,104
154,164,101
159,164,97
164,164,396
164,164,94
169,164,399
169,164,91
175,164,402
175,164,87
180,164,405
186,164,407
192,164,410
197,164,412
203,164,414
395,164,359
399,164,354
402,164,349
406,164,344
409,164,339
412,164,334
416,164,328
418,164,323
421,164,317
423,164,311
426,164,306
80,165,133
82,166,134
83,166,135
85,167,136
86,168,137
88,169,138
90,170,139
91,170,140
95,170,165
98,170,160
101,170,154
105,170,149
108,170,143
112,170,138
115,170,133
119,170,128
124,170,123
128,170,119
132,170,114
137,170,110
142,170,106
147,170,102
152,170,98
157,170,94
162,170,398
162,170,91
168,170,402
168,170,88
173,170,405
173,170,85
179,170,408
185,170,410
190,170,413
196,170,415
202,170,417
208,170,419
397,170,361
401,170,356
405,170,351
409,170,346
412,170,341
415,170,335
418,170,330
421,170,324
424,170,318
426,170,313
93,171,141
94,172,142
96,173,143
97,174,144
99,175,145
100,175,146
93,176,164
96,176,158
99,176,153
102,176,147
106,176,142
109,176,136
113,176,131
117,176,126
121,176,121
126,176,373
126,176,117
130,176,112
135,176,108
140,176,104
145,176,100
150,176,96
155,176,397
155,176,92
161,176,401
161,176,88
166,176,404
166,176,85
172,176,407
177,176,410
183,176,413
189,176,416
195,176,418
201,176,420
207,176,422
391,176,373
395,176,368
399,176,363
403,176,358
407,176,353
411,176,348
415,176,342
418,176,337
421,176,331
424,176,326
427,176,320
429,176,314
158,178,471
158,178,469
159,179,467
160,180,466
161,180,464
162,181,462
162,182,460
163,182,459
93,183,157
96,183,151
100,183,146
103,183,140
107,183,135
111,183,130
115,183,125
119,183,370
119,183,120
124,183,375
124,183,115
128,183,110
133,183,106
138,183,101
143,183,97
148,183,93
154,183,400
154,183,90
159,183,403
159,183,86
164,183,457
165,183,455
165,183,407
170,183,410
176,183,413
182,183,416
188,183,418
194,183,420
200,183,423
207,183,425
383,183,384
388,183,379
393,183,375
397,183,370
402,183,365
406,183,360
410,183,355
413,183,349
417,183,344
420,183,338
423,183,333
426,183,327
429,183,321
432,183,315
165,184,453
166,185,452
167,185,450
168,186,448
169,187,446
169,187,445
170,188,443
171,188,441
98,189,144
101,189,139
105,189,133
109,189,128
113,189,123
117,189,372
117,189,118
122,189,376
122,189,113
127,189,108
131,189,104
136,189,100
142,189,95
147,189,91
152,189,402
152,189,88
158,189,405
163,189,409
169,189,412
172,189,439
175,189,415
181,189,418
187,189,420
193,189,423
200,189,425
206,189,427
212,189,429
380,189,390
385,189,386
390,189,381
395,189,376
399,189,372
403,189,367
408,189,361
412,189,356
415,189,351
419,189,345
422,189,340
426,189,334
429,189,328
431,189,322
434,189,316
172,190,438
173,190,436
174,191,434
175,192,432
176,192,430
176,193,429
177,193,427
178,194,425
179,195,423
179,195,422
99,196,137
103,196,132
107,196,127
111,196,121
116,196,373
116,196,116
120,196,378
120,196,111
125,196,107
130,196,102
140,196,94
146,196,400
146,196,90
151,196,404
151,196,86
157,196,407
162,196,411
168,196,414
174,196,417
180,196,420
186,196,423
193,196,425
199,196,427
205,196,429
212,196,431
382,196,392
387,196,387
392,196,383
396,196,378
401,196,373
405,196,368
409,196,363
413,196,357
417,196,352
421,196,346
424,196,341
428,196,335
431,196,329
433,196,323
436,196,317
439,196,310
101,203,131
105,203,125
110,203,369
110,203,120
114,203,374
114,203,115
119,203,110
124,203,105
134,203,393
139,203,398
144,203,402
144,203,88
150,203,405
156,203,409
161,203,413
167,203,416
173,203,419
179,203,422
186,203,425
192,203,427
198,203,429
205,203,431
211,203,433
383,203,393
388,203,389
393,203,384
398,203,379
402,203,374
407,203,369
411,203,364
415,203,359
419,203,353
423,203,347
426,203,342
429,203,336
433,203,330
435,203,324
438,203,317
440,203,311
443,203,305
445,203,298
108,209,371
113,209,114
117,209,109
122,209,104
132,209,395
138,209,399
143,209,403
149,209,407
155,209,411
160,209,414
166,209,418
172,209,421
179,209,424
185,209,426
191,209,429
198,209,431
204,209,433
211,209,435
384,209,395
389,209,390
394,209,386
399,209,381
404,209,376
408,209,371
412,209,365
417,209,360
421,209,354
424,209,348
428,209,343
431,209,337
434,209,331
437,209,324
440,209,318
442,209,312
444,209,305
446,209,299
131,216,396
137,216,400
142,216,404
148,216,408
154,216,412
160,216,416
166,216,419
172,216,422
178,216,425
184,216,428
191,216,430
197,216,432
204,216,434
380,216,400
385,216,396
390,216,391
395,216,387
400,216,382
405,216,377
409,216,372
414,216,366
418,216,361
422,216,355
426,216,349
429,216,343
432,216,337
436,216,331
438,216,325
441,216,319
444,216,312
446,216,306
448,216,299
450,216,292
460,222,402
461,222,403
136,223,401
142,223,405
147,223,409
153,223,413
153,223,76
159,223,417
165,223,420
171,223,423
177,223,426
184,223,429
190,223,431
197,223,434
204,223,436
210,223,437
375,223,405
381,223,401
386,223,397
391,223,392
396,223,388
401,223,383
406,223,378
410,223,372
415,223,367
419,223,361
423,223,356
427,223,350
430,223,344
434,223,338
437,223,332
440,223,326
442,223,319
445,223,313
447,223,306
449,223,299
451,223,293
453,223,397
455,223,398
457,223,400
458,223,401
449,224,394
450,224,395
452,224,396
442,225,389
444,225,390
446,225,391
447,225,392
438,226,385
439,226,386
441,226,387
431,227,380
433,227,381
435,227,382
436,227,384
427,228,376
428,228,378
430,228,379
420,229,371
422,229,373
424,229,374
425,229,375
71,230,176
73,230,170
130,230,92
135,230,402
135,230,87
141,230,406
141,230,83
147,230,410
147,230,79
152,230,414
158,230,418
164,230,421
171,230,424
177,230,427
183,230,430
190,230,432
197,230,435
203,230,437
210,230,439
376,230,406
381,230,402
387,230,398
392,230,393
397,230,388
402,230,383
407,230,378
411,230,373
416,230,368
417,230,369
419,230,370
420,230,362
424,230,356
428,230,351
431,230,345
435,230,339
438,230,332
441,230,326
443,230,320
446,230,313
448,230,306
450,230,300
452,230,293
454,230,286
129,237,91
135,237,403
135,237,87
140,237,407
140,237,82
146,237,411
146,237,78
152,237,415
158,237,418
164,237,422
170,237,425
177,237,428
183,237,431
190,237,433
196,237,436
203,237,438
210,237,439
376,237,407
382,237,403
387,237,398
392,237,394
398,237,389
403,237,384
407,237,379
412,237,374
416,237,368
421,237,363
425,237,357
428,237,351
432,237,345
435,237,339
439,237,333
442,237,326
444,237,320
447,237,313
449,237,307
451,237,300
453,237,293
454,237,286
456,237,280
63,244,196
65,244,189
77,244,157
84,244,144
88,244,138
114,244,105
118,244,100
124,244,95
129,244,399
129,244,91
134,244,403
134,244,86
140,244,408
146,244,412
152,244,415
158,244,419
164,244,422
170,244,426
176,244,429
183,244,431
189,244,434
196,244,436
203,244,438
210,244,440
216,244,442
388,244,399
393,244,394
398,244,389
403,244,385
408,244,379
412,244,374
417,244,369
421,244,363
425,244,357
429,244,351
433,244,345
436,244,339
439,244,333
442,244,327
445,244,320
447,244,314
450,244,307
452,244,300
453,244,293
455,244,287
61,251,203
63,251,196
71,251,169
74,251,163
77,251,156
87,251,138
113,251,105
129,251,399
134,251,404
140,251,408
146,251,412
151,251,416
157,251,419
164,251,423
170,251,426
176,251,429
183,251,432
189,251,434
196,251,436
203,251,439
209,251,440
216,251,442
223,251,443
403,251,385
408,251,380
413,251,374
417,251,369
421,251,363
425,251,357
429,251,352
433,251,346
436,251,339
439,251,333
442,251,327
445,251,320
448,251,314
450,251,307
452,251,300
454,251,294
455,251,287
457,251,280
24,258,131
26,258,132
28,258,132
30,258,133
32,258,134
33,258,135
35,258,136
37,258,137
39,258,138
41,258,139
43,258,140
44,258,140
46,258,141
48,258,142
50,258,143
52,258,144
53,258,145
55,258,146
57,258,147
59,258,147
60,258,210
61,258,203
61,258,148
62,258,149
64,258,150
66,258,151
68,258,152
69,258,176
70,258,153
71,258,169
72,258,154
73,258,155
74,258,163
75,258,155
77,258,156
123,258,395
129,258,399
134,258,404
140,258,408
145,258,412
151,258,416
157,258,419
164,258,423
170,258,426
176,258,429
183,258,432
189,258,434
196,258,437
203,258,439
209,258,440
216,258,442
417,258,369
421,258,363
425,258,358
429,258,352
433,258,346
436,258,339
440,258,333
443,258,327
445,258,320
448,258,314
450,258,307
452,258,300
454,258,294
456,258,287
60,265,210
63,265,196
74,265,163
77,265,156
80,265,150
113,265,385
118,265,390
123,265,395
129,265,399
134,265,404
140,265,408
146,265,412
151,265,416
157,265,419
164,265,423
170,265,426
176,265,429
183,265,432
189,265,434
196,265,436
203,265,439
209,265,440
216,265,442
417,265,369
421,265,363
425,265,357
429,265,352
433,265,346
436,265,339
439,265,333
442,265,327
445,265,320
448,265,314
450,265,307
452,265,300
454,265,294
59,272,217
61,272,203
77,272,157
81,272,150
109,272,379
114,272,385
118,272,389
124,272,394
129,272,399
134,272,403
140,272,408
146,272,412
152,272,415
158,272,419
164,272,422
170,272,426
176,272,429
183,272,431
189,272,434
196,272,436
203,272,438
210,272,440
216,272,442
223,272,443
417,272,369
421,272,363
425,272,357
429,272,351
433,272,345
436,272,339
439,272,333
442,272,327
445,272,320
447,272,314
450,272,307
452,272,300
453,272,293
62,279,203
109,279,379
114,279,384
119,279,389
124,279,394
129,279,398
135,279,403
140,279,407
146,279,411
152,279,415
158,279,418
164,279,422
170,279,425
177,279,428
183,279,431
190,279,433
196,279,436
203,279,438
210,279,439
217,279,441
223,279,442
230,279,443
237,279,444
258,279,445
265,279,445
272,279,445
279,279,444
286,279,443
293,279,442
428,279,351
432,279,345
435,279,339
439,279,333
442,279,326
444,279,320
447,279,313
449,279,307
451,279,300
453,279,293
62,286,210
63,286,286
97,286,127
105,286,373
110,286,378
115,286,383
120,286,388
125,286,393
130,286,398
135,286,402
141,286,406
147,286,410
152,286,414
158,286,418
164,286,421
171,286,424
177,286,427
183,286,430
190,286,432
197,286,435
203,286,437
210,286,439
217,286,440
224,286,441
230,286,443
237,286,443
244,286,444
251,286,444
258,286,444
265,286,444
272,286,444
279,286,443
286,286,443
293,286,441
300,286,440
435,286,339
438,286,332
441,286,326
443,286,320
446,286,313
448,286,306
450,286,300
452,286,293
455,286,279
64,293,286
67,293,190
106,293,372
111,293,378
115,293,383
120,293,388
125,293,392
131,293,397
136,293,401
142,293,405
147,293,409
153,293,413
159,293,417
165,293,420
171,293,423
177,293,426
184,293,429
190,293,431
197,293,434
204,293,436
210,293,437
217,293,439
224,293,440
231,293,441
237,293,442
244,293,443
251,293,443
258,293,443
265,293,443
272,293,443
279,293,442
286,293,441
293,293,440
300,293,439
442,293,319
445,293,313
447,293,306
449,293,299
456,293,266
64,300,279
64,300,210
65,300,286
67,300,292
67,300,197
69,300,190
71,300,184
126,300,391
131,300,396
137,300,400
142,300,404
148,300,408
154,300,412
160,300,416
166,300,419
172,300,422
178,300,425
184,300,428
191,300,430
197,300,432
204,300,434
211,300,436
217,300,438
224,300,439
231,300,440
238,300,441
244,300,442
251,300,442
258,300,442
265,300,442
272,300,442
279,300,441
286,300,440
293,300,439
299,300,438
306,300,436
454,300,265
455,300,259
66,307,279
66,307,211
67,307,285
67,307,204
68,307,292
68,307,197
70,307,191
72,307,184
92,307,141
113,307,376
117,307,381
122,307,386
132,307,395
138,307,399
143,307,403
149,307,407
155,307,411
160,307,414
166,307,418
172,307,421
179,307,424
185,307,426
191,307,429
198,307,431
204,307,433
211,307,435
218,307,436
224,307,437
231,307,439
238,307,439
245,307,440
251,307,440
258,307,440
265,307,440
272,307,440
279,307,439
285,307,439
292,307,437
299,307,436
306,307,435
312,307,433
453,307,265
453,307,258
454,307,252
454,307,245
65,314,224
66,314,272
67,314,278
67,314,211
69,314,285
69,314,204
70,314,292
70,314,198
72,314,191
94,314,142
105,314,364
110,314,369
114,314,374
119,314,379
124,314,384
139,314,398
144,314,402
150,314,405
156,314,409
161,314,413
167,314,416
173,314,419
179,314,422
186,314,425
192,314,427
198,314,429
205,314,431
211,314,433
218,314,434
225,314,436
231,314,437
238,314,438
245,314,438
251,314,439
258,314,439
265,314,439
272,314,438
279,314,438
285,314,437
292,314,436
299,314,434
305,314,433
451,314,224
452,314,245
452,314,238
452,314,231
67,321,265
67,321,225
68,321,271
68,321,218
69,321,278
69,321,211
71,321,285
71,321,205
72,321,291
72,321,198
74,321,298
74,321,192
99,321,352
103,321,357
107,321,363
111,321,368
116,321,373
120,321,378
125,321,383
140,321,396
146,321,400
151,321,404
157,321,407
162,321,411
168,321,414
174,321,417
180,321,420
186,321,423
193,321,425
199,321,427
205,321,429
212,321,431
218,321,432
225,321,434
232,321,435
238,321,436
245,321,436
252,321,436
258,321,437
265,321,436
272,321,436
278,321,436
285,321,435
292,321,434
298,321,432
305,321,431
446,321,205
447,321,211
448,321,218
449,321,225
450,321,251
450,321,245
69,327,258
69,327,232
70,327,265
70,327,225
71,327,271
71,327,218
72,327,278
72,327,212
73,327,284
73,327,205
74,327,291
74,327,199
76,327,297
76,327,192
98,327,345
101,327,351
105,327,356
109,327,361
113,327,367
117,327,372
122,327,376
127,327,381
131,327,386
147,327,398
152,327,402
158,327,405
163,327,409
169,327,412
175,327,415
181,327,418
187,327,420
193,327,423
200,327,425
206,327,427
212,327,429
219,327,430
225,327,431
232,327,432
238,327,433
245,327,434
252,327,434
258,327,434
265,327,434
271,327,434
278,327,433
285,327,432
291,327,431
298,327,430
304,327,429
442,327,291
442,327,199
444,327,205
445,327,212
446,327,218
448,327,251
71,334,251
71,334,245
72,334,264
72,334,258
72,334,232
72,334,225
73,334,271
73,334,219
74,334,277
74,334,212
75,334,284
75,334,206
77,334,290
77,334,199
78,334,296
78,334,193
80,334,303
80,334,187
83,334,181
85,334,175
100,334,344
103,334,349
107,334,355
111,334,360
115,334,365
119,334,370
124,334,375
128,334,379
133,334,384
138,334,388
148,334,396
154,334,400
159,334,403
165,334,407
170,334,410
176,334,413
182,334,416
188,334,418
194,334,420
200,334,423
207,334,425
213,334,426
219,334,428
226,334,429
232,334,430
239,334,431
245,334,431
252,334,432
258,334,432
265,334,432
271,334,431
278,334,431
284,334,430
291,334,429
297,334,428
304,334,426
440,334,199
441,334,206
442,334,277
442,334,212
443,334,219
74,340,258
74,340,251
74,340,245
74,340,238
74,340,232
75,340,264
75,340,225
76,340,270
76,340,219
77,340,277
77,340,213
78,340,283
78,340,206
79,340,289
79,340,200
81,340,296
81,340,194
83,340,302
83,340,188
85,340,308
85,340,182
87,340,314
87,340,176
90,340,170
93,340,164
96,340,158
102,340,147
106,340,348
117,340,363
121,340,368
126,340,373
130,340,377
135,340,382
140,340,386
155,340,397
161,340,401
166,340,404
172,340,407
177,340,410
183,340,413
189,340,416
195,340,418
201,340,420
207,340,422
214,340,424
220,340,425
226,340,426
233,340,427
239,340,428
245,340,429
252,340,429
258,340,429
265,340,429
271,340,429
278,340,428
284,340,427
290,340,426
297,340,425
303,340,424
435,340,194
437,340,200
438,340,206
440,340,213
441,340,219
77,347,257
77,347,251
77,347,245
77,347,238
77,347,232
78,347,264
78,347,226
79,347,270
79,347,220
80,347,276
80,347,213
81,347,282
81,347,207
82,347,289
82,347,201
84,347,295
84,347,195
86,347,301
86,347,189
88,347,307
88,347,183
90,347,313
90,347,177
93,347,318
93,347,171
95,347,324
95,347,165
98,347,330
98,347,160
101,347,335
101,347,154
105,347,341
119,347,361
124,347,366
128,347,371
132,347,375
137,347,379
142,347,384
147,347,388
157,347,395
162,347,398
168,347,402
173,347,405
179,347,408
185,347,410
190,347,413
196,347,415
202,347,417
208,347,419
214,347,421
221,347,422
227,347,423
233,347,424
239,347,425
246,347,426
252,347,426
258,347,426
265,347,426
271,347,426
277,347,425
283,347,424
290,347,423
296,347,422
426,347,177
431,347,189
433,347,195
434,347,201
436,347,207
437,347,276
437,347,213
438,347,220
80,353,251
80,353,245
80,353,239
81,353,263
81,353,257
81,353,232
81,353,226
82,353,270
82,353,220
83,353,276
83,353,214
84,353,282
84,353,208
85,353,288
85,353,202
87,353,294
87,353,196
89,353,300
89,353,190
91,353,306
91,353,184
93,353,311
93,353,178
96,353,317
96,353,172
98,353,323
98,353,167
101,353,328
101,353,161
104,353,334
104,353,156
107,353,339
111,353,344
114,353,349
118,353,354
126,353,364
130,353,368
135,353,373
139,353,377
144,353,381
149,353,385
154,353,389
159,353,392
164,353,396
169,353,399
175,353,402
180,353,405
186,353,407
192,353,410
197,353,412
203,353,414
209,353,416
215,353,418
221,353,419
227,353,420
233,353,421
240,353,422
246,353,422
252,353,423
258,353,423
264,353,423
271,353,422
277,353,422
283,353,421
289,353,420
426,353,184
428,353,190
429,353,196
431,353,202
432,353,208
434,353,214
435,353,270
435,353,220
84,359,257
84,359,251
84,359,245
84,359,239
84,359,233
85,359,269
85,359,263
85,359,226
85,359,220
86,359,275
86,359,214
87,359,281
87,359,208
89,359,287
89,359,202
90,359,293
90,359,197
92,359,299
92,359,191
94,359,304
94,359,185
96,359,310
96,359,179
99,359,316
99,359,174
101,359,321
101,359,168
104,359,327
104,359,163
107,359,332
107,359,157
110,359,337
113,359,342
117,359,347
121,359,352
124,359,357
128,359,362
133,359,366
137,359,370
141,359,375
146,359,379
151,359,382
156,359,386
161,359,390
166,359,393
171,359,396
176,359,399
182,359,402
187,359,404
193,359,407
204,359,411
210,359,413
216,359,414
222,359,416
228,359,417
234,359,418
240,359,418
246,359,419
252,359,419
258,359,419
264,359,419
270,359,419
277,359,418
283,359,418
420,359,179
422,359,185
424,359,191
426,359,197
428,359,202
429,359,208
430,359,214
431,359,269
431,359,220
432,359,263
432,359,226
433,359,245
433,359,239
433,359,233
87,365,251
87,365,245
87,365,239
88,365,263
88,365,257
88,365,233
88,365,227
89,365,269
89,365,221
90,365,274
90,365,215
91,365,280
91,365,209
92,365,286
92,365,203
94,365,292
94,365,198
96,365,298
96,365,192
98,365,303
98,365,186
100,365,309
100,365,181
102,365,314
102,365,175
105,365,320
105,365,170
107,365,325
107,365,164
110,365,330
110,365,159
113,365,335
116,365,340
120,365,345
123,365,350
127,365,355
131,365,359
131,365,130
135,365,364
139,365,368
144,365,372
148,365,376
153,365,380
158,365,383
194,365,403
217,365,411
223,365,412
229,365,413
234,365,414
240,365,415
246,365,415
252,365,416
258,365,416
264,365,416
270,365,415
276,365,415
282,365,414
412,365,170
415,365,175
417,365,181
419,365,186
421,365,192
423,365,198
424,365,203
426,365,209
427,365,215
428,365,269
428,365,263
428,365,227
428,365,221
429,365,257
429,365,251
429,365,245
429,365,239
429,365,233
91,371,256
91,371,251
91,371,245
91,371,239
91,371,233
92,371,262
92,371,227
93,371,268
93,371,221
94,371,274
94,371,216
95,371,280
95,371,210
96,371,285
96,371,204
98,371,291
98,371,199
99,371,296
99,371,193
101,371,302
101,371,188
103,371,307
103,371,182
106,371,313
106,371,177
108,371,318
108,371,171
111,371,323
111,371,166
113,371,328
116,371,333
120,371,338
123,371,343
126,371,348
130,371,352
134,371,357
138,371,361
142,371,365
142,371,124
146,371,369
151,371,373
155,371,377
229,371,409
235,371,410
241,371,411
247,371,412
252,371,412
258,371,412
264,371,412
270,371,412
406,371,166
409,371,171
411,371,177
413,371,182
415,371,188
417,371,193
419,371,199
421,371,204
422,371,280
422,371,210
423,371,274
423,371,216
424,371,268
424,371,221
425,371,262
425,371,256
425,371,251
425,371,245
425,371,239
425,371,233
425,371,227
95,377,256
95,377,250
95,377,245
95,377,239
95,377,233
96,377,262
96,377,228
97,377,267
97,377,222
98,377,273
98,377,216
99,377,279
99,377,211
100,377,284
100,377,205
101,377,290
101,377,200
103,377,295
103,377,194
105,377,301
105,377,189
107,377,306
107,377,184
109,377,311
109,377,178
112,377,316
112,377,173
114,377,321
114,377,168
117,377,326
117,377,163
120,377,331
123,377,336
126,377,341
130,377,345
130,377,144
133,377,350
137,377,354
141,377,358
145,377,362
149,377,366
149,377,123
153,377,370
153,377,120
158,377,373
167,377,380
177,377,386
230,377,405
236,377,406
241,377,407
247,377,408
400,377,163
402,377,168
405,377,173
407,377,178
410,377,184
412,377,189
413,377,194
415,377,200
417,377,284
417,377,205
418,377,279
418,377,211
419,377,273
419,377,216
420,377,267
420,377,222
421,377,262
421,377,256
421,377,250
421,377,245
421,377,239
421,377,233
421,377,228
99,382,250
99,382,245
99,382,239
100,382,261
100,382,256
100,382,234
100,382,228
101,382,267
101,382,223
102,382,272
102,382,217
103,382,278
103,382,212
104,382,283
104,382,206
105,382,289
105,382,201
107,382,294
107,382,196
109,382,299
109,382,190
111,382,304
111,382,185
113,382,309
113,382,180
115,382,314
115,382,175
118,382,319
118,382,170
121,382,324
123,382,329
126,382,334
130,382,151
133,382,147
140,382,351
144,382,355
148,382,359
152,382,363
156,382,366
160,382,370
165,382,373
169,382,377
174,382,380
179,382,382
184,382,385
194,382,390
199,382,392
258,382,404
264,382,404
269,382,403
275,382,403
280,382,402
393,382,161
396,382,165
399,382,170
401,382,175
403,382,180
406,382,185
408,382,190
409,382,196
411,382,201
412,382,206
414,382,278
414,382,212
415,382,272
415,382,217
416,382,267
416,382,261
416,382,228
416,382,223
417,382,256
417,382,250
417,382,245
417,382,239
417,382,234
104,388,256
104,388,250
104,388,245
104,388,239
104,388,234
105,388,266
105,388,261
105,388,229
105,388,223
106,388,272
106,388,218
107,388,277
107,388,213
108,388,282
108,388,207
110,388,287
110,388,202
111,388,292
111,388,197
113,388,298
113,388,192
115,388,303
115,388,187
117,388,308
117,388,182
119,388,312
119,388,177
122,388,317
122,388,172
124,388,322
124,388,167
127,388,327
130,388,331
130,388,158
133,388,336
133,388,154
137,388,150
143,388,348
147,388,352
151,388,356
155,388,360
159,388,363
163,388,366
167,388,370
172,388,373
176,388,376
181,388,379
195,388,386
200,388,388
216,388,393
231,388,397
258,388,399
264,388,399
269,388,399
274,388,398
280,388,398
389,388,163
392,388,167
395,388,172
397,388,177
399,388,182
402,388,187
403,388,192
405,388,197
407,388,287
407,388,202
408,388,282
408,388,207
409,388,277
409,388,213
410,388,272
410,388,218
411,388,266
411,388,223
412,388,261
412,388,256
412,388,234
412,388,229
413,388,250
413,388,245
413,388,239
108,393,250
108,393,245
108,393,240
109,393,260
109,393,255
109,393,234
109,393,229
110,393,266
110,393,224
111,393,271
111,393,219
112,393,276
112,393,214
113,393,281
113,393,208
114,393,286
114,393,203
116,393,291
116,393,198
117,393,296
117,393,193
119,393,301
119,393,189
121,393,306
121,393,184
124,393,310
124,393,179
126,393,315
126,393,174
128,393,320
128,393,170
131,393,324
131,393,165
134,393,329
134,393,161
137,393,333
137,393,157
140,393,152
143,393,148
147,393,345
150,393,349
154,393,353
188,393,377
193,393,379
197,393,382
202,393,384
207,393,386
222,393,390
253,393,395
258,393,395
263,393,395
269,393,394
274,393,394
279,393,393
385,393,165
388,393,170
391,393,174
393,393,179
395,393,184
397,393,189
399,393,193
401,393,291
401,393,198
402,393,286
402,393,203
404,393,281
404,393,208
405,393,276
405,393,214
406,393,271
406,393,219
407,393,266
407,393,260
407,393,229
407,393,224
408,393,255
408,393,250
408,393,245
408,393,240
408,393,234
113,398,250
113,398,245
113,398,240
114,398,260
114,398,255
114,398,235
114,398,230
115,398,270
115,398,265
115,398,225
115,398,220
116,398,275
116,398,215
117,398,280
117,398,210
119,398,285
119,398,205
120,398,290
120,398,200
122,398,294
122,398,195
124,398,299
124,398,190
126,398,304
126,398,186
128,398,308
128,398,181
130,398,313
130,398,177
133,398,317
133,398,172
135,398,322
135,398,168
138,398,326
138,398,164
141,398,330
141,398,159
144,398,334
144,398,155
147,398,151
150,398,148
154,398,346
154,398,144
157,398,349
157,398,140
161,398,353
165,398,356
190,398,373
195,398,375
199,398,377
204,398,379
209,398,381
213,398,383
218,398,384
228,398,387
233,398,388
238,398,388
243,398,389
248,398,389
253,398,390
258,398,390
381,398,168
384,398,172
386,398,177
389,398,308
389,398,181
391,398,186
393,398,190
395,398,294
395,398,195
396,398,290
396,398,200
398,398,285
398,398,205
399,398,280
399,398,210
400,398,275
400,398,215
401,398,270
401,398,220
402,398,265
402,398,225
403,398,260
403,398,255
403,398,250
403,398,245
403,398,240
403,398,235
403,398,230
118,403,255
118,403,250
118,403,245
118,403,240
118,403,235
119,403,259
119,403,230
120,403,269
120,403,264
120,403,225
120,403,220
121,403,274
121,403,216
122,403,279
122,403,211
124,403,283
124,403,206
125,403,288
125,403,201
127,403,293
127,403,197
128,403,297
128,403,192
130,403,302
130,403,188
132,403,306
132,403,183
135,403,311
135,403,179
137,403,315
137,403,175
139,403,319
139,403,170
142,403,323
142,403,166
145,403,327
145,403,162
148,403,158
151,403,155
154,403,338
154,403,151
157,403,342
157,403,147
161,403,346
161,403,144
165,403,349
165,403,141
168,403,352
180,403,361
188,403,366
192,403,368
197,403,371
201,403,373
206,403,375
210,403,376
215,403,378
220,403,379
224,403,381
229,403,382
234,403,383
239,403,383
244,403,384
248,403,385
253,403,385
258,403,385
377,403,170
380,403,175
382,403,179
384,403,183
386,403,302
386,403,188
388,403,297
388,403,192
390,403,293
390,403,197
392,403,288
392,403,201
393,403,283
393,403,206
394,403,279
394,403,211
395,403,274
395,403,216
396,403,269
396,403,220
397,403,264
397,403,225
398,403,259
398,403,255
398,403,250
398,403,245
398,403,240
398,403,235
398,403,230
123,408,249
123,408,245
123,408,240
124,408,259
124,408,254
124,408,235
124,408,231
125,408,268
125,408,264
125,408,226
125,408,221
126,408,273
126,408,217
127,408,277
127,408,212
129,408,282
129,408,208
130,408,286
130,408,203
131,408,291
131,408,199
133,408,295
133,408,194
135,408,300
135,408,190
137,408,304
137,408,186
139,408,308
139,408,181
141,408,312
141,408,177
144,408,316
144,408,173
146,408,320
146,408,169
149,408,324
149,408,165
152,408,328
152,408,162
155,408,331
155,408,158
158,408,335
158,408,154
161,408,338
161,408,151
165,408,342
165,408,148
168,408,345
168,408,144
172,408,348
172,408,141
175,408,351
179,408,354
183,408,357
187,408,359
191,408,362
195,408,364
199,408,366
203,408,368
208,408,370
212,408,372
217,408,373
221,408,374
226,408,376
230,408,377
235,408,378
239,408,378
244,408,379
249,408,379
254,408,380
258,408,380
367,408,324
370,408,320
373,408,316
375,408,177
377,408,181
380,408,186
382,408,300
382,408,190
383,408,194
385,408,291
385,408,199
387,408,286
387,408,203
388,408,282
388,408,208
389,408,277
389,408,212
390,408,273
390,408,217
391,408,268
391,408,221
392,408,264
392,408,259
392,408,231
392,408,226
393,408,254
393,408,249
393,408,245
393,408,240
393,408,235
129,413,258
129,413,254
129,413,249
129,413,245
129,413,240
129,413,236
129,413,231
130,413,263
130,413,227
131,413,272
131,413,267
131,413,222
131,413,218
132,413,276
132,413,213
134,413,280
134,413,209
135,413,285
135,413,205
136,413,289
136,413,200
138,413,293
138,413,196
140,413,297
140,413,192
142,413,302
142,413,188
144,413,306
144,413,184
146,413,310
146,413,180
148,413,313
148,413,176
151,413,317
151,413,172
153,413,321
153,413,169
156,413,325
156,413,165
159,413,328
159,413,161
162,413,331
162,413,158
165,413,335
165,413,155
168,413,338
168,413,151
172,413,341
172,413,148
175,413,344
175,413,145
178,413,347
182,413,350
182,413,140
186,413,352
190,413,355
193,413,357
197,413,359
201,413,361
206,413,363
210,413,365
214,413,367
218,413,368
223,413,369
227,413,371
231,413,372
236,413,372
240,413,373
245,413,374
249,413,374
363,413,169
366,413,317
366,413,172
368,413,176
371,413,310
371,413,180
373,413,306
373,413,184
375,413,188
377,413,297
377,413,192
378,413,293
378,413,196
380,413,289
380,413,200
382,413,285
382,413,205
383,413,280
383,413,209
384,413,276
384,413,213
385,413,272
385,413,218
386,413,267
386,413,222
387,413,263
387,413,258
387,413,231
387,413,227
388,413,254
388,413,249
388,413,245
388,413,240
388,413,236
134,417,253
134,417,249
134,417,245
134,417,240
134,417,236
135,417,262
135,417,258
135,417,232
135,417,227
136,417,266
136,417,223
137,417,271
137,417,219
138,417,275
138,417,215
139,417,279
139,417,211
140,417,283
140,417,206
142,417,287
142,417,202
143,417,291
143,417,198
145,417,295
145,417,194
147,417,299
147,417,190
149,417,303
149,417,186
151,417,307
151,417,183
153,417,311
153,417,179
155,417,314
155,417,175
158,417,318
158,417,172
160,417,321
160,417,168
163,417,325
163,417,165
166,417,328
166,417,162
169,417,331
169,417,158
172,417,334
172,417,155
175,417,337
175,417,152
178,417,340
178,417,150
182,417,343
185,417,345
189,417,348
192,417,350
196,417,352
200,417,354
204,417,356
208,417,358
212,417,360
212,417,130
216,417,361
220,417,363
224,417,364
228,417,365
232,417,366
237,417,367
241,417,368
245,417,368
258,417,369
263,417,369
276,417,368
359,417,172
361,417,314
361,417,175
364,417,311
364,417,179
366,417,307
366,417,183
368,417,303
368,417,186
370,417,299
370,417,190
372,417,295
372,417,194
373,417,291
373,417,198
375,417,287
375,417,202
376,417,283
376,417,206
378,417,279
378,417,211
379,417,275
379,417,215
380,417,219
381,417,262
381,417,227
381,417,223
382,417,258
382,417,253
382,417,249
382,417,245
382,417,240
382,417,236
382,417,232
140,421,257
140,421,253
140,421,249
140,421,245
140,421,241
140,421,236
140,421,232
141,421,261
141,421,228
142,421,269
142,421,265
142,421,224
142,421,220
143,421,273
143,421,216
144,421,277
144,421,212
146,421,281
146,421,208
147,421,285
147,421,204
148,421,289
148,421,200
150,421,293
150,421,197
152,421,297
152,421,193
154,421,300
154,421,189
156,421,304
156,421,185
158,421,308
158,421,182
160,421,311
160,421,178
162,421,314
162,421,175
165,421,318
165,421,172
167,421,321
167,421,169
170,421,324
170,421,165
173,421,327
173,421,162
176,421,330
176,421,159
179,421,333
182,421,336
185,421,338
189,421,341
192,421,343
195,421,345
199,421,347
203,421,349
206,421,351
210,421,353
214,421,355
214,421,135
218,421,133
222,421,357
238,421,361
262,421,363
271,421,363
352,421,172
354,421,175
357,421,178
359,421,308
359,421,182
361,421,304
361,421,185
363,421,300
363,421,189
365,421,297
365,421,193
367,421,293
367,421,197
368,421,289
368,421,200
370,421,285
370,421,204
371,421,281
371,421,208
372,421,277
372,421,212
373,421,273
373,421,216
374,421,269
374,421,220
375,421,224
376,421,257
376,421,232
376,421,228
377,421,253
377,421,249
377,421,245
377,421,241
377,421,236
145,425,245
146,425,257
146,425,253
146,425,249
146,425,241
146,425,237
146,425,233
147,425,264
147,425,260
147,425,229
147,425,225
148,425,268
148,425,221
149,425,272
149,425,217
150,425,276
150,425,214
151,425,280
151,425,210
152,425,283
152,425,206
154,425,287
154,425,202
155,425,291
155,425,199
157,425,294
157,425,195
159,425,298
159,425,192
161,425,301
161,425,188
163,425,305
163,425,185
165,425,308
165,425,182
167,425,311
167,425,178
169,425,314
169,425,175
172,425,317
172,425,172
174,425,320
174,425,169
177,425,323
177,425,166
180,425,326
180,425,164
183,425,329
183,425,161
186,425,331
189,425,334
192,425,336
195,425,338
198,425,340
202,425,342
205,425,344
209,425,346
212,425,348
216,425,349
216,425,140
220,425,139
223,425,137
227,425,353
231,425,354
239,425,356
266,425,357
301,425,140
345,425,172
347,425,175
350,425,178
352,425,182
354,425,185
356,425,188
358,425,298
358,425,192
360,425,294
360,425,195
361,425,291
361,425,199
363,425,287
363,425,202
364,425,283
364,425,206
366,425,280
366,425,210
367,425,276
367,425,214
368,425,217
369,425,225
369,425,221
370,425,233
370,425,229
371,425,245
371,425,241
371,425,237
151,429,248
151,429,245
151,429,241
152,429,260
152,429,256
152,429,252
152,429,237
152,429,234
152,429,230
153,429,263
153,429,226
154,429,267
154,429,223
155,429,271
155,429,219
156,429,274
156,429,215
157,429,278
157,429,212
158,429,281
158,429,208
159,429,285
159,429,205
161,429,288
161,429,201
162,429,292
162,429,198
164,429,295
164,429,195
166,429,298
166,429,191
168,429,301
168,429,188
170,429,305
170,429,185
172,429,308
172,429,182
174,429,311
174,429,179
176,429,313
176,429,176
179,429,316
179,429,173
181,429,319
181,429,170
184,429,322
184,429,168
187,429,324
187,429,165
190,429,327
190,429,163
192,429,329
195,429,331
198,429,333
202,429,335
205,429,337
208,429,339
211,429,341
222,429,144
225,429,143
229,429,347
232,429,348
243,429,351
302,429,147
305,429,149
335,429,170
338,429,173
340,429,176
342,429,179
345,429,182
347,429,185
349,429,188
351,429,191
353,429,195
354,429,292
354,429,198
356,429,201
357,429,285
357,429,205
359,429,281
359,429,208
360,429,278
360,429,212
361,429,274
361,429,215
362,429,271
362,429,219
363,429,223
364,429,230
364,429,226
365,429,237
365,429,234
157,433,248
157,433,245
157,433,241
158,433,259
158,433,255
158,433,252
158,433,238
158,433,234
158,433,231
159,433,262
159,433,227
160,433,269
160,433,266
160,433,224
160,433,220
161,433,273
161,433,217
162,433,276
162,433,214
163,433,279
163,433,210
165,433,283
165,433,207
166,433,286
166,433,204
168,433,289
168,433,201
169,433,292
169,433,197
171,433,295
171,433,194
173,433,298
173,433,191
175,433,301
175,433,188
177,433,304
177,433,185
179,433,307
179,433,183
181,433,310
181,433,180
183,433,312
183,433,177
186,433,315
186,433,175
188,433,317
188,433,172
191,433,320
191,433,170
193,433,322
193,433,167
196,433,324
196,433,165
199,433,326
199,433,163
202,433,328
202,433,161
205,433,330
205,433,159
208,433,332
208,433,157
211,433,156
214,433,335
214,433,154
217,433,337
227,433,341
230,433,342
230,433,148
234,433,343
234,433,147
237,433,343
241,433,344
244,433,345
248,433,345
286,433,148
289,433,149
293,433,150
296,433,151
299,433,153
302,433,154
306,433,156
309,433,157
312,433,159
318,433,163
320,433,165
323,433,167
326,433,170
328,433,317
328,433,172
331,433,175
333,433,177
336,433,180
338,433,183
340,433,185
342,433,188
344,433,191
346,433,194
347,433,197
349,433,201
350,433,204
352,433,207
353,433,279
353,433,210
354,433,276
354,433,214
355,433,273
355,433,217
356,433,269
356,433,220
357,433,224
358,433,231
358,433,227
359,433,234
164,436,258
164,436,255
164,436,251
164,436,248
164,436,245
164,436,241
164,436,238
164,436,235
164,436,232
165,436,261
165,436,228
166,436,268
166,436,264
166,436,225
166,436,222
167,436,271
167,436,219
168,436,274
168,436,215
169,436,277
169,436,212
170,436,280
170,436,209
172,436,283
172,436,206
173,436,286
173,436,203
175,436,289
175,436,200
176,436,292
176,436,197
178,436,295
178,436,195
180,436,298
180,436,192
182,436,300
182,436,189
184,436,303
184,436,186
186,436,306
186,436,184
188,436,308
188,436,181
190,436,311
190,436,179
192,436,313
192,436,177
195,436,315
195,436,174
197,436,317
197,436,172
200,436,319
200,436,170
203,436,321
203,436,168
205,436,323
205,436,166
208,436,325
208,436,164
211,436,327
211,436,163
214,436,328
214,436,161
217,436,330
217,436,160
220,436,331
220,436,158
223,436,333
223,436,157
226,436,156
229,436,335
229,436,155
232,436,336
235,436,337
235,436,153
239,436,337
239,436,152
242,436,338
242,436,151
245,436,339
245,436,151
248,436,151
252,436,150
284,436,154
288,436,155
291,436,156
294,436,157
297,436,158
300,436,160
303,436,161
306,436,163
308,436,164
311,436,166
314,436,168
317,436,170
319,436,172
322,436,315
322,436,174
324,436,313
324,436,177
326,436,311
326,436,179
329,436,308
329,436,181
331,436,184
333,436,186
335,436,189
337,436,192
339,436,195
340,436,197
342,436,200
343,436,203
345,436,206
346,436,280
346,436,209
347,436,212
348,436,215
349,436,219
350,436,222
351,436,225
352,436,235
352,436,232
352,436,228
353,436,238
170,440,254
170,440,251
170,440,248
170,440,245
170,440,242
170,440,239
170,440,235
171,440,260
171,440,257
171,440,232
171,440,229
172,440,266
172,440,263
172,440,226
172,440,223
173,440,269
173,440,220
174,440,272
174,440,217
175,440,275
175,440,214
176,440,278
176,440,212
177,440,281
177,440,209
179,440,283
179,440,206
180,440,286
180,440,203
182,440,289
182,440,201
183,440,292
183,440,198
185,440,294
185,440,195
187,440,297
187,440,193
189,440,299
189,440,190
191,440,302
191,440,188
193,440,304
193,440,186
195,440,306
195,440,183
197,440,308
197,440,181
199,440,310
199,440,179
201,440,177
204,440,175
206,440,173
209,440,318
209,440,171
211,440,320
211,440,170
214,440,321
214,440,168
217,440,323
217,440,167
220,440,324
220,440,165
222,440,164
225,440,163
228,440,328
228,440,162
231,440,329
231,440,161
234,440,330
234,440,160
237,440,331
237,440,159
240,440,331
240,440,158
243,440,158
246,440,157
249,440,157
252,440,157
283,440,330
286,440,329
289,440,328
289,440,162
291,440,163
294,440,164
297,440,165
300,440,167
302,440,168
305,440,170
308,440,171
310,440,173
313,440,175
315,440,177
317,440,310
317,440,179
320,440,308
320,440,181
322,440,306
322,440,183
324,440,304
324,440,186
326,440,302
326,440,188
328,440,190
330,440,193
332,440,195
333,440,198
335,440,201
336,440,203
338,440,206
339,440,281
339,440,209
340,440,278
340,440,212
341,440,275
341,440,214
342,440,272
342,440,217
343,440,220
344,440,223
345,440,229
345,440,226
346,440,257
346,440,254
346,440,239
346,440,235
346,440,232
347,440,248
347,440,245
347,440,242
176,443,250
176,443,248
176,443,245
176,443,242
176,443,239
177,443,259
177,443,256
177,443,253
177,443,236
177,443,233
177,443,230
178,443,262
178,443,228
179,443,267
179,443,265
179,443,225
179,443,222
180,443,219
181,443,273
181,443,217
182,443,275
182,443,214
183,443,278
183,443,211
185,443,281
185,443,209
186,443,283
186,443,206
187,443,286
187,443,204
189,443,288
189,443,201
190,443,291
190,443,199
192,443,293
192,443,197
194,443,295
194,443,194
195,443,297
195,443,192
197,443,300
197,443,190
199,443,302
199,443,188
201,443,186
203,443,184
206,443,308
206,443,182
208,443,309
208,443,180
210,443,178
212,443,177
215,443,314
215,443,175
217,443,316
217,443,174
220,443,317
220,443,172
222,443,318
222,443,171
225,443,320
225,443,170
228,443,321
228,443,169
230,443,322
230,443,168
233,443,323
233,443,167
236,443,324
236,443,166
238,443,165
241,443,164
244,443,164
247,443,164
250,443,163
253,443,163
255,443,163
258,443,163
261,443,163
264,443,163
270,443,164
286,443,168
289,443,169
292,443,170
294,443,171
297,443,172
299,443,174
302,443,175
304,443,177
306,443,311
306,443,178
309,443,309
309,443,180
311,443,308
311,443,182
313,443,306
313,443,184
315,443,304
315,443,186
317,443,302
317,443,188
319,443,300
319,443,190
321,443,297
321,443,192
323,443,295
323,443,194
325,443,197
326,443,199
328,443,201
329,443,204
331,443,283
331,443,206
332,443,281
332,443,209
333,443,211
334,443,275
334,443,214
335,443,273
335,443,217
336,443,270
336,443,219
337,443,222
338,443,225
339,443,233
339,443,230
339,443,228
340,443,250
340,443,248
340,443,245
340,443,242
340,443,239
340,443,236
324,444,194
183,445,255
183,445,253
183,445,250
183,445,247
183,445,245
183,445,242
183,445,239
183,445,237
183,445,234
184,445,258
184,445,232
184,445,229
185,445,263
185,445,226
186,445,268
186,445,224
186,445,221
187,445,271
187,445,219
188,445,216
189,445,275
189,445,214
190,445,278
190,445,212
192,445,280
192,445,209
193,445,207
194,445,205
196,445,202
197,445,289
197,445,200
199,445,198
200,445,196
202,445,194
204,445,192
206,445,190
208,445,189
210,445,187
212,445,304
212,445,185
214,445,306
214,445,184
216,445,307
216,445,182
218,445,309
218,445,181
220,445,310
220,445,179
223,445,311
223,445,178
225,445,313
225,445,177
228,445,314
228,445,176
230,445,315
230,445,175
232,445,316
232,445,174
235,445,317
235,445,173
237,445,172
240,445,171
243,445,171
245,445,170
248,445,170
250,445,170
253,445,169
256,445,169
258,445,169
279,445,172
282,445,173
284,445,174
287,445,175
289,445,176
291,445,177
294,445,178
296,445,310
296,445,179
298,445,309
298,445,181
301,445,307
301,445,182
303,445,306
303,445,184
305,445,304
305,445,185
307,445,303
307,445,187
309,445,301
309,445,189
311,445,299
311,445,190
313,445,297
313,445,192
314,445,295
314,445,194
316,445,293
316,445,196
318,445,198
319,445,200
321,445,202
322,445,205
324,445,207
325,445,209
326,445,212
328,445,273
329,445,271
330,445,268
333,445,255
333,445,253
333,445,237
334,445,247
334,445,242
324,446,193
183,447,231
189,448,250
189,448,247
189,448,245
189,448,242
189,448,240
190,448,257
190,448,254
190,448,238
190,448,235
190,448,233
191,448,261
191,448,259
191,448,230
191,448,228
192,448,226
193,448,268
193,448,266
193,448,223
193,448,221
194,448,271
194,448,219
195,448,217
196,448,214
197,448,212
199,448,210
200,448,208
201,448,206
202,448,204
204,448,202
205,448,200
207,448,199
209,448,197
210,448,195
212,448,193
214,448,192
216,448,190
218,448,189
220,448,188
222,448,186
224,448,185
226,448,306
226,448,184
228,448,183
230,448,182
232,448,181
284,448,181
286,448,182
289,448,307
289,448,183
291,448,306
291,448,184
293,448,304
295,448,303
297,448,302
299,448,301
301,448,299
303,448,298
304,448,296
306,448,294
308,448,293
310,448,291
311,448,289
322,448,219
323,448,268
323,448,221
324,448,266
324,448,223
325,448,264
325,448,261
325,448,228
325,448,226
325,448,193
326,448,259
326,448,257
327,448,254
327,448,252
327,448,250
327,448,240
182,449,231
196,450,251
196,450,249
196,450,247
196,450,245
196,450,243
196,450,240
196,450,238
197,450,236
197,450,234
197,450,232
198,450,230
198,450,228
199,450,264
199,450,225
200,450,266
200,450,223
200,450,221
201,450,219
202,450,217
203,450,215
204,450,214
205,450,212
207,450,210
208,450,281
208,450,208
209,450,206
220,450,196
222,450,194
282,450,303
286,450,301
288,450,300
289,450,299
291,450,298
293,450,296
295,450,295
297,450,294
298,450,292
300,450,291
302,450,290
303,450,288
305,450,286
306,450,285
307,450,283
309,450,281
310,450,210
311,450,212
312,450,214
314,450,217
315,450,219
316,450,221
317,450,223
318,450,228
319,450,260
320,450,253
320,450,251
320,450,240
320,450,236
320,450,234
321,450,247
325,450,192
182,451,231
203,452,247
203,452,245
203,452,243
203,452,241
203,452,239
203,452,237
204,452,235
204,452,233
204,452,231
205,452,229
205,452,228
206,452,226
211,452,274
279,452,296
281,452,296
283,452,295
284,452,294
286,452,293
288,452,292
289,452,291
291,452,290
292,452,289
294,452,287
295,452,286
297,452,285
298,452,283
300,452,282
301,452,280
302,452,279
303,452,277
326,452,192
181,453,231
211,454,235
211,454,233
211,454,231
212,454,228
213,454,263
277,454,290
278,454,289
280,454,289
281,454,288
283,454,287
284,454,286
286,454,285
287,454,284
288,454,283
290,454,282
291,454,281
292,454,280
293,454,279
295,454,277
296,454,276
297,454,275
298,454,273
299,454,272
300,454,271
301,454,269
301,454,268
301,454,220
302,454,266
303,454,265
304,454,263
306,454,253
327,454,191
180,455,231
327,455,191
179,456,231
217,456,236
218,456,235
245,456,285
247,456,285
248,456,285
274,456,284
275,456,283
277,456,282
278,456,282
279,456,281
280,456,280
282,456,280
283,456,279
284,456,278
285,456,277
286,456,276
287,456,275
288,456,274
289,456,273
290,456,272
291,456,271
292,456,269
293,456,268
294,456,267
295,456,266
295,456,264
296,456,263
297,456,262
297,456,260
298,456,259
299,456,255
299,456,253
299,456,236
300,456,252
300,456,251
300,456,249
300,456,245
300,456,237
223,457,242
223,457,241
269,457,278
270,457,278
271,457,277
273,457,277
274,457,276
275,457,276
276,457,275
277,457,274
278,457,274
279,457,273
280,457,272
281,457,272
282,457,271
283,457,270
283,457,269
284,457,268
285,457,267
286,457,266
287,457,265
287,457,264
288,457,263
289,457,262
289,457,261
290,457,260
291,457,257
292,457,256
292,457,254
292,457,253
293,457,252
293,457,251
293,457,248
293,457,244
293,457,242
328,457,190
179,458,231
270,458,270
271,458,270
272,458,269
273,458,269
274,458,268
275,458,267
276,458,267
276,458,266
277,458,266
278,458,265
283,458,257
284,458,256
284,458,255
285,458,254
285,458,253
285,458,252
286,458,251
286,458,250
329,459,190
178,460,231
329,461,189
177,462,230
330,463,189
176,464,230
331,465,188
176,466,230
331,466,188
175,468,230
332,468,187
174,470,230
333,470,187
173,471,230
333,472,186
173,473,230
334,474,186
172,475,230
335,476,185
171,477,229
335,478,185
170,479,229
336,479,184
170,481,229
336,481,184
169,483,229
337,483,183
168,485,229
338,485,183
167,486,229
338,487,182
167,488,229
339,489,182
166,490,228
340,490,181
165,492,228
340,492,181
165,494,228
341,494,180
164,496,228
342,496,180
163,498,228
162,500,228
